<?xml version="1.0" encoding="UTF-8"?>
<!DOCTYPE suite SYSTEM "http://testng.org/testng-1.0.dtd">

<suite name="TestSuite" parallel = "tests" thread-count= "4">


<!-- 	<groups>
		<run>
			<include name="FunctionalTest"></include>
		</run>
	</groups>  -->


 	<test name="TestNGTest" >
		<parameter name = "name" value = "Ankush"></parameter>
		<parameter name = "age" value = "26"></parameter>
			<classes>
				<class name="com.testng.TestNG1"></class>
				<class name="com.testng.TestNG2"></class>
			</classes>
	</test>
	
	<test name="TestNGDBTest" enabled="false">
		<classes>
			<class name="com.testng.db.TestNGDB1"></class>
			<class name="com.testng.db.TestNGDB2"></class>
		</classes>
	</test>  
	
		<listeners>
			<listener class-name= "com.testng.db.CustomListener"></listener>
		</listeners>
		
	<test name="SeleniumClass9" >
		<classes>
			<class name="com.testng.db.SeleniumClass9"></class>
		</classes>
	</test>
	
</suite>